club,title,date,time,place,note
physics,Circuits and Ohm's law,2026-10-07,16:00,Physics Room,
chemistry,Acids bases and pH lab,2026-10-08,16:00,Science Lab,Bring a lab coat
joint,Thermodynamics workshop,2026-10-14,16:00,Main Hall,Both clubs
physics,Projectile motion challenge,2026-10-21,16:00,Physics Room,
chemistry,Flame test demo,2026-10-22,16:00,Science Lab,
joint,Science quiz night,2026-11-04,16:00,Main Hall,Both clubs
deutsch,Deutsch Konversation: Vorstellung,2026-10-09,15:30,Language Lab,
mechanics,Intro to gears and torque,2026-10-12,16:00,Workshop,
capstone,Project idea pitches,2026-10-15,16:00,Room 12,Bring your idea
math,Problem solving session,2026-10-13,16:00,Room 8,
deutsch+math,Logic and language workshop,2026-10-18,16:00,Room 5,Only these two clubs
mechanics+capstone,Prototype building day,2026-10-20,16:00,Workshop,Only these two clubs
